Ally,2MGoverCsquared,Female,White,,http://26swqn3t6127yk6dx1qpr0cn.wpengine.netdna-cdn.com/wp-content/uploads/2016/03/2MGoverCsquared-212x212.jpg
Adelaine Morin,C0OK1EMONSTER,Female,White,,http://26swqn3t6127yk6dx1qpr0cn.wpengine.netdna-cdn.com/wp-content/uploads/2016/04/Adelaine-Morin-212x212.jpg
Adrian Bliss,adrianbliss ,Male,White,,http://26swqn3t6127yk6dx1qpr0cn.wpengine.netdna-cdn.com/wp-content/uploads/2016/03/AdrianBliss-212x212.jpg
Adriene Mishler,yogawithadriene,Female,White,,http://26swqn3t6127yk6dx1qpr0cn.wpengine.netdna-cdn.com/wp-content/uploads/2016/03/SP071-Adriene-Mishler-1-212x212.jpg
Ahsante Bean,AhsantetheArtist,Female,Black,,http://26swqn3t6127yk6dx1qpr0cn.wpengine.netdna-cdn.com/wp-content/uploads/2016/03/Ahsante-Bean-212x212.jpg
Akilah Hughes,smoothiefreak,Female,Black,,http://26swqn3t6127yk6dx1qpr0cn.wpengine.netdna-cdn.com/wp-content/uploads/2015/04/AkilahHughes-212x212.jpg
Alayna Fender,MissFenderr,Female,White,Bisexual,http://26swqn3t6127yk6dx1qpr0cn.wpengine.netdna-cdn.com/wp-content/uploads/2016/03/Alayna-Fender-212x212.jpg
Alex G,AlexGMusic7,Female,White,,http://26swqn3t6127yk6dx1qpr0cn.wpengine.netdna-cdn.com/wp-content/uploads/2016/05/ALEX_G-212x212.jpg
Alexandria Taylor,MsAllyTaylor,Female,White,,http://26swqn3t6127yk6dx1qpr0cn.wpengine.netdna-cdn.com/wp-content/uploads/2016/03/Alexandria-Taylor-212x212.jpg
Alexis G. Zall,AlexisGZall,Female,White,,http://26swqn3t6127yk6dx1qpr0cn.wpengine.netdna-cdn.com/wp-content/uploads/2016/05/Alexis-G.-Zall-212x212.jpg
Allie Marie Evans,Glassslipperbeauty,Female,White,,http://26swqn3t6127yk6dx1qpr0cn.wpengine.netdna-cdn.com/wp-content/uploads/2016/03/Allie-Marie-Evans-212x212.jpg
Alisha Marie,macbby11,Female,White,,http://26swqn3t6127yk6dx1qpr0cn.wpengine.netdna-cdn.com/wp-content/uploads/2016/03/Alisha-Marie-212x212.jpg
Alli Speed,Alli,Female,White,,http://26swqn3t6127yk6dx1qpr0cn.wpengine.netdna-cdn.com/wp-content/uploads/2015/04/Alli-Speed-212x212.jpg
Allison Raskin,justbetweenus,Female,White,,http://26swqn3t6127yk6dx1qpr0cn.wpengine.netdna-cdn.com/wp-content/uploads/2016/03/AllisonRaskin-212x212.jpg
Alyssia Sheikh,MindOverMunch,Female,White,,http://26swqn3t6127yk6dx1qpr0cn.wpengine.netdna-cdn.com/wp-content/uploads/2016/03/Alyssia-Sheikh-212x212.jpg
Amanda Steele,MakeupbyMandy24,Female,White,,http://26swqn3t6127yk6dx1qpr0cn.wpengine.netdna-cdn.com/wp-content/uploads/2015/04/AmandaSteele-212x212.jpg
Amy Tangerine,amytangerine,Female,East Asian,,http://26swqn3t6127yk6dx1qpr0cn.wpengine.netdna-cdn.com/wp-content/uploads/2016/03/AmyTan-212x212.jpg
Amymarie Gaertner,amymariexox64,Female,White,,http://26swqn3t6127yk6dx1qpr0cn.wpengine.netdna-cdn.com/wp-content/uploads/2015/06/AmyMarieGaertner-212x212.jpg
Anastasjia Louise,CaptainAnastasjia,Female,White,,http://26swqn3t6127yk6dx1qpr0cn.wpengine.netdna-cdn.com/wp-content/uploads/2016/03/AnastasjiaLouise-212x212.jpg
Andie Case,OfficialAndieCase,Female,White,,http://26swqn3t6127yk6dx1qpr0cn.wpengine.netdna-cdn.com/wp-content/uploads/2016/04/AndieCase-212x212.jpg
Andrea Russett,GETTOxFABxFOREVER,Female,White,,http://26swqn3t6127yk6dx1qpr0cn.wpengine.netdna-cdn.com/wp-content/uploads/2016/05/AndreaRussett-212x212.jpg
Andre “Black Nerd” Meadows,BlackNerdComedy,Male,Black,,http://26swqn3t6127yk6dx1qpr0cn.wpengine.netdna-cdn.com/wp-content/uploads/2016/03/Andre-22Black-Nerd22-Meadows-212x212.jpg
Andrew Gunadie,Gunnarolla,Male,Asian,,http://26swqn3t6127yk6dx1qpr0cn.wpengine.netdna-cdn.com/wp-content/uploads/2015/04/AndrewGunadie-1-212x212.jpg
Andrew Huang,songstowearpantsto,Male,Asian,,http://26swqn3t6127yk6dx1qpr0cn.wpengine.netdna-cdn.com/wp-content/uploads/2015/04/AndrewHuang-1-212x212.jpg
Andrew Lowe,OhHeyItsAndrew,Male,White,Bisexual,http://26swqn3t6127yk6dx1qpr0cn.wpengine.netdna-cdn.com/wp-content/uploads/2015/04/Andrew-Lowe-212x212.jpg
Andrew Scites,JStuStudios,Male,White,,http://26swqn3t6127yk6dx1qpr0cn.wpengine.netdna-cdn.com/wp-content/uploads/2016/03/Andrew-Scites-212x212.jpg
Angel Merino,itsmacdaddyy,Male,,,http://26swqn3t6127yk6dx1qpr0cn.wpengine.netdna-cdn.com/wp-content/uploads/2016/05/AngelMerino-212x212.jpg
Angelic,ThisIsAngelic,Female,Latinx,,http://26swqn3t6127yk6dx1qpr0cn.wpengine.netdna-cdn.com/wp-content/uploads/2016/03/Angelic-212x212.jpg
Anita Sarkeesian,feministfrequency,Female,Armenian,,http://26swqn3t6127yk6dx1qpr0cn.wpengine.netdna-cdn.com/wp-content/uploads/2016/04/anitasarkeesian-square-212x212.jpg
Ann Twirls,anntwirls,Female,White,,http://26swqn3t6127yk6dx1qpr0cn.wpengine.netdna-cdn.com/wp-content/uploads/2016/03/AnnTwirls-212x212.jpg
Anna Akana,AnnaAkana,Female,East Asian,,http://26swqn3t6127yk6dx1qpr0cn.wpengine.netdna-cdn.com/wp-content/uploads/2015/03/AnnaAkana-212x212.jpg
Anna Rothschild,grossscienceshow,Female,White,,http://26swqn3t6127yk6dx1qpr0cn.wpengine.netdna-cdn.com/wp-content/uploads/2016/03/Anna-Rothschild-212x212.jpg
Anthony Padilla,smosh,Male,White,,http://26swqn3t6127yk6dx1qpr0cn.wpengine.netdna-cdn.com/wp-content/uploads/2015/04/AnthonyPadilla-212x212.jpeg
Anthony Quintal,lohanthony,Male,White,,http://26swqn3t6127yk6dx1qpr0cn.wpengine.netdna-cdn.com/wp-content/uploads/2015/04/lohanthony-212x212.jpg
Aphmau,ChallengeAcceptedInc,Male,White,,http://26swqn3t6127yk6dx1qpr0cn.wpengine.netdna-cdn.com/wp-content/uploads/2016/03/Aphmeow-212x212.jpg
Arden Rose,ARose186,Female,White,,http://26swqn3t6127yk6dx1qpr0cn.wpengine.netdna-cdn.com/wp-content/uploads/2015/05/Arden-Rose-212x212.jpg
Ari Fitz,itsarifitz,Female,Black,,http://26swqn3t6127yk6dx1qpr0cn.wpengine.netdna-cdn.com/wp-content/uploads/2016/03/AriFitz-212x212.jpg
Ariel Bissett,ArielBissett,Female,White,,http://26swqn3t6127yk6dx1qpr0cn.wpengine.netdna-cdn.com/wp-content/uploads/2016/04/Ariel-Bisset-212x212.jpg
Arielle Scarcella,ArielleIsHamming,Female,White,Lesbian,http://26swqn3t6127yk6dx1qpr0cn.wpengine.netdna-cdn.com/wp-content/uploads/2016/03/Arielle-Scarcella-212x212.jpg
Ashley Esqueda,ashleyesqueda,Female,White,,http://26swqn3t6127yk6dx1qpr0cn.wpengine.netdna-cdn.com/wp-content/uploads/2016/04/Ashley-Esqueda-212x212.jpg
Ashley Mardell,HeyThere005,Female,White,Lesbian,http://26swqn3t6127yk6dx1qpr0cn.wpengine.netdna-cdn.com/wp-content/uploads/2015/04/AshleyMardell-212x212.jpg
Aspyn & Parker,AspynOvard,Female,White,,http://26swqn3t6127yk6dx1qpr0cn.wpengine.netdna-cdn.com/wp-content/uploads/2016/04/Aspyn-Ovard-Parker-Ferris-212x212.jpg
Aureylian,Aureylian,Female,White,,http://26swqn3t6127yk6dx1qpr0cn.wpengine.netdna-cdn.com/wp-content/uploads/2015/04/Aureylian-1-212x212.jpg
Austin Hargrave,PeanutButterGamer,Male,White,,http://26swqn3t6127yk6dx1qpr0cn.wpengine.netdna-cdn.com/wp-content/uploads/2016/03/Austin-Hargrave-212x212.jpg
Ava Gordy,haltiamava,Female,White,,http://26swqn3t6127yk6dx1qpr0cn.wpengine.netdna-cdn.com/wp-content/uploads/2016/03/AvaGordy-212x212.jpg
Baby Ariel,BabyAriel,Female,White,,http://26swqn3t6127yk6dx1qpr0cn.wpengine.netdna-cdn.com/wp-content/uploads/2016/03/Baby-Ariel-212x212.jpg
Samantha Maria,beautycrush,Female,Mixed,,http://26swqn3t6127yk6dx1qpr0cn.wpengine.netdna-cdn.com/wp-content/uploads/2016/04/BeautyCrush-212x212.jpg
Beckie Jane Brown,beckie0,Female,White,,http://26swqn3t6127yk6dx1qpr0cn.wpengine.netdna-cdn.com/wp-content/uploads/2016/03/Beckie-Jane-Brown-212x212.jpg
Ben Brown,benbrown100,Male,White,,http://26swqn3t6127yk6dx1qpr0cn.wpengine.netdna-cdn.com/wp-content/uploads/2015/04/BenBrown1-212x212.jpg
Ben J. Pierce,KidPOV,Male,Mixed,,http://26swqn3t6127yk6dx1qpr0cn.wpengine.netdna-cdn.com/wp-content/uploads/2016/03/BenJPierce-212x212.jpg
Benji Travis,itsJudysLife,Female,Filipina,,http://26swqn3t6127yk6dx1qpr0cn.wpengine.netdna-cdn.com/wp-content/uploads/2016/03/BenjiTravis-212x212.jpg
Bertie Gilbert,BertiebertG,Male,White,,http://26swqn3t6127yk6dx1qpr0cn.wpengine.netdna-cdn.com/wp-content/uploads/2015/05/Bertie-Gilbert-1-212x212.jpg
Blair Fowler,juicystar07,Female,White,,http://26swqn3t6127yk6dx1qpr0cn.wpengine.netdna-cdn.com/wp-content/uploads/2015/04/BlairFowler-212x212.jpg
Steven Williams,Boogie2988,Male,White,Straight,http://26swqn3t6127yk6dx1qpr0cn.wpengine.netdna-cdn.com/wp-content/uploads/2016/03/Boogie2988-212x212.jpg
Brandon Laatsch,BrandonJLa,Male,White,,http://26swqn3t6127yk6dx1qpr0cn.wpengine.netdna-cdn.com/wp-content/uploads/2015/04/BrandonLaastch-212x212.jpg
Bratayley,,Female,White,,http://26swqn3t6127yk6dx1qpr0cn.wpengine.netdna-cdn.com/wp-content/uploads/2016/04/Bratayley-212x212.jpg
Bree Essrig,BREEessrig,Female,White,,http://26swqn3t6127yk6dx1qpr0cn.wpengine.netdna-cdn.com/wp-content/uploads/2015/06/BreeEssrig-1-212x212.jpg
Bretman Rock,Bretman Rock,Male,Filipino,,http://26swqn3t6127yk6dx1qpr0cn.wpengine.netdna-cdn.com/wp-content/uploads/2016/04/Bretman-Rock-212x212.jpg
Brittani Louise Taylor,,Female,White,Straight,http://26swqn3t6127yk6dx1qpr0cn.wpengine.netdna-cdn.com/wp-content/uploads/2015/04/BrittaniLouiseTaylor-1-212x212.jpg
Brittany Furlan,Brittany Furlan,Female,White,,http://26swqn3t6127yk6dx1qpr0cn.wpengine.netdna-cdn.com/wp-content/uploads/2016/04/FURLAN-BRITTANY-HEADSHOT2-212x212.jpg
Anna Brisbin,Brizzy Voices,Female,White,,http://26swqn3t6127yk6dx1qpr0cn.wpengine.netdna-cdn.com/wp-content/uploads/2015/04/BrizzyVoices-1-212x212.jpg
Brodie Smith,Brodie Smith,Male,White,,http://26swqn3t6127yk6dx1qpr0cn.wpengine.netdna-cdn.com/wp-content/uploads/2016/04/BrodieSmith-212x212.jpg
Brooklyn & Bailey McKnight,,Female,White,,http://26swqn3t6127yk6dx1qpr0cn.wpengine.netdna-cdn.com/wp-content/uploads/2015/04/brooklyn-and-bailey-212x212.jpg
Lindy Tsang,Bubzbeauty,Female,Asian,,http://26swqn3t6127yk6dx1qpr0cn.wpengine.netdna-cdn.com/wp-content/uploads/2016/04/Bubzbeauty-212x212.jpg
Michael Burns,Burnie Burns,Male,White,,http://26swqn3t6127yk6dx1qpr0cn.wpengine.netdna-cdn.com/wp-content/uploads/2015/04/BurnieBurns-212x212.jpg
Caitlin Hofmeister,Caitlin Hofmeister,Female,White,,http://26swqn3t6127yk6dx1qpr0cn.wpengine.netdna-cdn.com/wp-content/uploads/2016/04/CaitlinHofmeister-212x212.jpg
Casey Neistat,CaseyNeistat,Male,White,,http://26swqn3t6127yk6dx1qpr0cn.wpengine.netdna-cdn.com/wp-content/uploads/2015/04/Casey-Neistat-209x212.jpg
Cassey Ho,blogilates,Female,Asian,,http://26swqn3t6127yk6dx1qpr0cn.wpengine.netdna-cdn.com/wp-content/uploads/2016/03/CasseyHo-212x212.jpg
Catherine Valdes,Catrific,Female,White,,http://26swqn3t6127yk6dx1qpr0cn.wpengine.netdna-cdn.com/wp-content/uploads/2015/04/Catrific-212x212.jpg
Chandler Wilson,ChandlerNWilson,Agender,White,Trans (agender),http://26swqn3t6127yk6dx1qpr0cn.wpengine.netdna-cdn.com/wp-content/uploads/2016/03/Chandler-Wilson-212x212.jpg
Charli Marie,CharliMarieTV,Female,White,,http://26swqn3t6127yk6dx1qpr0cn.wpengine.netdna-cdn.com/wp-content/uploads/2016/03/Charli-Marie-212x212.jpg
Charlie McDonnell,charlieissocoollike,Male,White,Straight,http://26swqn3t6127yk6dx1qpr0cn.wpengine.netdna-cdn.com/wp-content/uploads/2015/04/CharlieMcDonnell-212x212.jpg
Chester See,chestersee,Male,White,,http://26swqn3t6127yk6dx1qpr0cn.wpengine.netdna-cdn.com/wp-content/uploads/2015/04/ChesterSee-212x212.jpg
Cimorelli,,Female,White,,http://26swqn3t6127yk6dx1qpr0cn.wpengine.netdna-cdn.com/wp-content/uploads/2016/04/Cimorelli-212x212.jpg
Claire Marshall,ohhaiclaire,Female,Asian,,http://26swqn3t6127yk6dx1qpr0cn.wpengine.netdna-cdn.com/wp-content/uploads/2016/04/Claire-Marshall-212x212.jpg
Claudia Sulewski,Claudia Sulewski,Female,White,,http://26swqn3t6127yk6dx1qpr0cn.wpengine.netdna-cdn.com/wp-content/uploads/2016/04/Claudia-Sulewski-212x212.jpg
Cloe Couture,,Female,White,,http://26swqn3t6127yk6dx1qpr0cn.wpengine.netdna-cdn.com/wp-content/uploads/2016/04/Cloe-Couture-212x212.jpg
Connor Franta,ConnorFranta,Male,White,Gay,http://26swqn3t6127yk6dx1qpr0cn.wpengine.netdna-cdn.com/wp-content/uploads/2016/04/Connor-Franta-212x212.jpg
Connor Manning,AConMann,Male,White,Bisexual,http://26swqn3t6127yk6dx1qpr0cn.wpengine.netdna-cdn.com/wp-content/uploads/2015/04/Connor-Manning-212x212.jpg
Corey (The Black Hokage),,Male,Black,,http://26swqn3t6127yk6dx1qpr0cn.wpengine.netdna-cdn.com/wp-content/uploads/2016/03/TheBlackHokage-212x212.jpg
Corey Vidal,Corey Vidal,Male,White,,http://26swqn3t6127yk6dx1qpr0cn.wpengine.netdna-cdn.com/wp-content/uploads/2015/04/CoreyVidal-1-212x212.jpg
Corinne Leigh,Corinne Leigh,Female,White,,http://26swqn3t6127yk6dx1qpr0cn.wpengine.netdna-cdn.com/wp-content/uploads/2016/03/corinneleigh-212x212.jpg
Craig Benzine,wheezywaiter,Male,White,Straight,http://26swqn3t6127yk6dx1qpr0cn.wpengine.netdna-cdn.com/wp-content/uploads/2015/04/CraigBenzine-212x212.jpg
Daily Bumps,,N/A,White,,http://26swqn3t6127yk6dx1qpr0cn.wpengine.netdna-cdn.com/wp-content/uploads/2016/04/Daily-Bumps-212x212.jpg
Dan Howell,danisnotonfire,Male,White,,http://26swqn3t6127yk6dx1qpr0cn.wpengine.netdna-cdn.com/wp-content/uploads/2015/04/DanHowell-212x212.jpg
Dane Boedigheimer,Daneboe,Male,White,,http://26swqn3t6127yk6dx1qpr0cn.wpengine.netdna-cdn.com/wp-content/uploads/2015/04/DaneBoe-212x212.jpg
Davey Wavey,DaveyWaveyRaw,Male,White,Gay,http://26swqn3t6127yk6dx1qpr0cn.wpengine.netdna-cdn.com/wp-content/uploads/2015/04/DaveyWavey-212x212.jpg
Dean Dobbs,Dean Dobbs,Male,White,,http://26swqn3t6127yk6dx1qpr0cn.wpengine.netdna-cdn.com/wp-content/uploads/2015/04/DeanDobbs-212x212.jpg
Derek Muller,Veritasium,Male,White,,http://26swqn3t6127yk6dx1qpr0cn.wpengine.netdna-cdn.com/wp-content/uploads/2015/04/DerekMuller2-212x212.jpg
DeStorm Power,DeStorm,Male,Black,,http://26swqn3t6127yk6dx1qpr0cn.wpengine.netdna-cdn.com/wp-content/uploads/2016/04/DeStorm-Power-212x212.jpg
Devin Graham,devinsupertramp,Male,White,Straight,http://26swqn3t6127yk6dx1qpr0cn.wpengine.netdna-cdn.com/wp-content/uploads/2015/04/DevinGraham2-212x212.jpg
Diamond White,Diamond White,Female,Black,,http://26swqn3t6127yk6dx1qpr0cn.wpengine.netdna-cdn.com/wp-content/uploads/2016/04/DiamondWhite-212x212.jpg
Dianna Cowern,Physics Girl,Female,White,,http://26swqn3t6127yk6dx1qpr0cn.wpengine.netdna-cdn.com/wp-content/uploads/2015/06/DiannaCowern-212x212.jpg
Dj CUTMAN,,Male,White,,http://26swqn3t6127yk6dx1qpr0cn.wpengine.netdna-cdn.com/wp-content/uploads/2016/05/Dj-CUTMAN-212x212.jpg
Dodie Clark,doddleoddle,Female,White,Bisexual,http://26swqn3t6127yk6dx1qpr0cn.wpengine.netdna-cdn.com/wp-content/uploads/2015/06/DodieClark-212x212.jpg
Donal Skehan,Donal Skehan,Male,White,,http://26swqn3t6127yk6dx1qpr0cn.wpengine.netdna-cdn.com/wp-content/uploads/2015/04/DonalSkehan-212x212.jpg
Don’t Hug Me I’m Scared,,N/A,White,,http://26swqn3t6127yk6dx1qpr0cn.wpengine.netdna-cdn.com/wp-content/uploads/2016/04/Dont-Hug-Me-Im-Scared-212x212.jpg
Derryk Gleaton,IAmDSharp,Male,Black,,http://26swqn3t6127yk6dx1qpr0cn.wpengine.netdna-cdn.com/wp-content/uploads/2015/05/DSharp-212x212.jpg
Dulce Candy,Dulce Candy,Female,Latinx,,http://26swqn3t6127yk6dx1qpr0cn.wpengine.netdna-cdn.com/wp-content/uploads/2015/06/Dulce-Candy-212x212.jpg
Eh Bee Family,,N/A,White,,http://26swqn3t6127yk6dx1qpr0cn.wpengine.netdna-cdn.com/wp-content/uploads/2016/03/Eh-Bees-Family-212x212.jpg
Elliott Morgan,ElliotMorgan,Male,White,,http://26swqn3t6127yk6dx1qpr0cn.wpengine.netdna-cdn.com/wp-content/uploads/2016/03/Elliott-Morgan-212x212.jpg
Emily Diana Ruth,Emily Diana Ruth,Female,White,,http://26swqn3t6127yk6dx1qpr0cn.wpengine.netdna-cdn.com/wp-content/uploads/2015/04/EmilyDianaRuth-212x212.jpg
Emily Graslie,thebrainscoop,Female,White,,http://26swqn3t6127yk6dx1qpr0cn.wpengine.netdna-cdn.com/wp-content/uploads/2015/04/EmilyGraslie-212x212.jpg
Emma Blackery,Emma Blackery,Female,White,Straight,http://26swqn3t6127yk6dx1qpr0cn.wpengine.netdna-cdn.com/wp-content/uploads/2015/04/Emma-Blackery-212x212.jpg
Epic Meal Time,,Male,White,,http://26swqn3t6127yk6dx1qpr0cn.wpengine.netdna-cdn.com/wp-content/uploads/2016/04/EpicMealTime-212x212.jpg
Estée Lalonde,Estée Lalonde,Female,White,,http://26swqn3t6127yk6dx1qpr0cn.wpengine.netdna-cdn.com/wp-content/uploads/2015/05/Estee-Lalonde-212x212.jpg
Evan Edinger,Evan Edinger,Male,White,Demisexual,http://26swqn3t6127yk6dx1qpr0cn.wpengine.netdna-cdn.com/wp-content/uploads/2016/03/EvanEdinger-212x212.jpg
Family Fun Pack,,N/A,White,,http://26swqn3t6127yk6dx1qpr0cn.wpengine.netdna-cdn.com/wp-content/uploads/2016/04/Family-Fun-Pack-212x212.jpg
Fleur De Force,Fleur DeForce,Female,White,,http://26swqn3t6127yk6dx1qpr0cn.wpengine.netdna-cdn.com/wp-content/uploads/2016/03/FleurDeForce-212x212.jpg
FLitZ,Nerdsworth,Male,Black,,http://26swqn3t6127yk6dx1qpr0cn.wpengine.netdna-cdn.com/wp-content/uploads/2015/04/flitz-212x212.jpg
Flula Borg,Flula,Male,White,Straight,http://26swqn3t6127yk6dx1qpr0cn.wpengine.netdna-cdn.com/wp-content/uploads/2015/04/Flula-212x212.jpg
F0XY,,Female,Black,,http://26swqn3t6127yk6dx1qpr0cn.wpengine.netdna-cdn.com/wp-content/uploads/2016/03/F0XY-212x212.jpg
Funhaus,,N/A,White,,http://26swqn3t6127yk6dx1qpr0cn.wpengine.netdna-cdn.com/wp-content/uploads/2016/05/Funhaus-212x212.jpg
Peter Czerwinski,Furious Pete,Male,White,,http://26swqn3t6127yk6dx1qpr0cn.wpengine.netdna-cdn.com/wp-content/uploads/2016/04/Furious-Pete-212x212.jpg
Gaby Dunn,Gaby Dunn,Female,White,Bisexual/polyamorous,http://26swqn3t6127yk6dx1qpr0cn.wpengine.netdna-cdn.com/wp-content/uploads/2016/03/GabyDunn-212x212.jpg
GassyMexican,,Male,Mexican,,http://26swqn3t6127yk6dx1qpr0cn.wpengine.netdna-cdn.com/wp-content/uploads/2016/04/GassyMexican-212x212.jpg
Gavin Free,Rooster Teeth,Male,White,,http://26swqn3t6127yk6dx1qpr0cn.wpengine.netdna-cdn.com/wp-content/uploads/2015/05/GavinFree-212x212.jpg
George Benson,George Benson,Male,White,,http://26swqn3t6127yk6dx1qpr0cn.wpengine.netdna-cdn.com/wp-content/uploads/2016/03/GeorgeBenson-212x212.jpg
George Watsky,WATSKY!,Male,White,,http://26swqn3t6127yk6dx1qpr0cn.wpengine.netdna-cdn.com/wp-content/uploads/2015/04/GeorgeWatsky-212x212.jpg
Gigi Lazzarato,Gigi Gorgeous,Female,White,Transgender/straight,http://26swqn3t6127yk6dx1qpr0cn.wpengine.netdna-cdn.com/wp-content/uploads/2015/04/Gigi-Gorgeous-212x212.jpg
GloZell Simon,GloZell Green,Female,Black,,http://26swqn3t6127yk6dx1qpr0cn.wpengine.netdna-cdn.com/wp-content/uploads/2015/04/glozell-212x212.jpg
Grace Helbig,Grace Helbig,Female,White,Straight,http://26swqn3t6127yk6dx1qpr0cn.wpengine.netdna-cdn.com/wp-content/uploads/2015/04/GraceHelbig-1-212x212.jpg
Greg Benson,MediocreFilms,Male,White,Straight,http://26swqn3t6127yk6dx1qpr0cn.wpengine.netdna-cdn.com/wp-content/uploads/2015/04/GregBenson-212x212.jpg
Greg Miller,Kinda Funny,Male,White,,http://26swqn3t6127yk6dx1qpr0cn.wpengine.netdna-cdn.com/wp-content/uploads/2016/04/GregMiller-212x212.jpg
The Gregory Brothers,,N/A,White,,http://26swqn3t6127yk6dx1qpr0cn.wpengine.netdna-cdn.com/wp-content/uploads/2015/04/GregoryBrothers-212x212.jpg
Gregory Brown,asapSCIECE,Male,White,Gay,http://26swqn3t6127yk6dx1qpr0cn.wpengine.netdna-cdn.com/wp-content/uploads/2015/04/GregoryBrown-212x212.jpg
Hailey Knox,Hailey Knox,Female,White,,http://26swqn3t6127yk6dx1qpr0cn.wpengine.netdna-cdn.com/wp-content/uploads/2016/03/Haileyknoxmusic-212x212.jpg
Hank Green,vlogbrothers,Male,White,Straight,http://26swqn3t6127yk6dx1qpr0cn.wpengine.netdna-cdn.com/wp-content/uploads/2015/04/HankGreen-212x212.jpg
Hannah Hart,myharto,Female,White,Lesbian,http://26swqn3t6127yk6dx1qpr0cn.wpengine.netdna-cdn.com/wp-content/uploads/2015/04/HannahHart-212x212.jpg
Hannah Witton,Hannah Witton,Female,White,Straight,http://26swqn3t6127yk6dx1qpr0cn.wpengine.netdna-cdn.com/wp-content/uploads/2016/03/HannahWitton-212x212.jpg
HARTBEAT,,Female,Black,Lesbian,http://26swqn3t6127yk6dx1qpr0cn.wpengine.netdna-cdn.com/wp-content/uploads/2015/04/HARTBEAT-212x212.jpg
HayleyWi11iams,,Female,White,,http://26swqn3t6127yk6dx1qpr0cn.wpengine.netdna-cdn.com/wp-content/uploads/2016/03/HayleyWi11iams-212x212.jpg
Henry Reich,minutephysics,Male,White,,http://26swqn3t6127yk6dx1qpr0cn.wpengine.netdna-cdn.com/wp-content/uploads/2015/04/HenryReich-212x212.jpg
The Hillywood Show,,Female,White,,http://26swqn3t6127yk6dx1qpr0cn.wpengine.netdna-cdn.com/wp-content/uploads/2016/03/TheHillywoodShow-212x212.jpg
Hunter March,,Male,White,,http://26swqn3t6127yk6dx1qpr0cn.wpengine.netdna-cdn.com/wp-content/uploads/2016/04/Hunter-March-212x212.jpg
Ian Hecox,smosh,Male,White,,http://26swqn3t6127yk6dx1qpr0cn.wpengine.netdna-cdn.com/wp-content/uploads/2015/04/IanHecox-212x212.jpg
ihasCupquake,,Female,Latinx,,http://26swqn3t6127yk6dx1qpr0cn.wpengine.netdna-cdn.com/wp-content/uploads/2016/04/ihasCupquake-212x212.jpg
ilikealison,,Female,Asian,,http://26swqn3t6127yk6dx1qpr0cn.wpengine.netdna-cdn.com/wp-content/uploads/2016/03/ilikealison-212x212.jpg
Ingrid Nilsen,Missglamorazzi,Female,Mixed,Lesbian,http://26swqn3t6127yk6dx1qpr0cn.wpengine.netdna-cdn.com/wp-content/uploads/2015/04/IngridNilsen-212x212.jpg
ItsameMyleo,,Male,White,Gay,http://26swqn3t6127yk6dx1qpr0cn.wpengine.netdna-cdn.com/wp-content/uploads/2016/03/ItsameMyleo-212x212.jpg
itsjudytime,,Female,Asian,,http://26swqn3t6127yk6dx1qpr0cn.wpengine.netdna-cdn.com/wp-content/uploads/2016/03/itsjudytime-212x212.jpg
itsLyndsayRae,,Female,White,,http://26swqn3t6127yk6dx1qpr0cn.wpengine.netdna-cdn.com/wp-content/uploads/2016/03/itsLyndsayRae-212x212.jpg
Jack Baran,Thatsojack,Male,White,Gay,http://26swqn3t6127yk6dx1qpr0cn.wpengine.netdna-cdn.com/wp-content/uploads/2015/04/Thatssojack-212x212.jpg
Jack Conte,,Male,White,,http://26swqn3t6127yk6dx1qpr0cn.wpengine.netdna-cdn.com/wp-content/uploads/2015/04/JackConte-212x212.jpg
Jack Howard,JackHoward,Male,White,,http://26swqn3t6127yk6dx1qpr0cn.wpengine.netdna-cdn.com/wp-content/uploads/2015/04/JackHoward-212x212.jpg
Jack Vale,,Male,White,,http://26swqn3t6127yk6dx1qpr0cn.wpengine.netdna-cdn.com/wp-content/uploads/2015/04/Jack-Vale-212x212.jpg
Jackie Aina,,Female,Black,,http://26swqn3t6127yk6dx1qpr0cn.wpengine.netdna-cdn.com/wp-content/uploads/2016/03/Jackie-Aina-212x212.jpg
Jack Douglass,Jacksfilms,Male,White,,http://26swqn3t6127yk6dx1qpr0cn.wpengine.netdna-cdn.com/wp-content/uploads/2015/04/Jacksfilms-212x212.jpg
Jackson Bird,willitwaffle,Male,White,Trans,http://26swqn3t6127yk6dx1qpr0cn.wpengine.netdna-cdn.com/wp-content/uploads/2015/05/Jackson-Bird-212x212.jpg
Jacob Salamon,,Male,White,,http://26swqn3t6127yk6dx1qpr0cn.wpengine.netdna-cdn.com/wp-content/uploads/2016/03/JacobSalamon-VidCon-212x212.jpg
JaidenAnimations,,Female,Asian,,http://26swqn3t6127yk6dx1qpr0cn.wpengine.netdna-cdn.com/wp-content/uploads/2016/04/JaidenAnimations-212x212.jpg
Jair Woo,,Male,Hispanic,Gay,http://26swqn3t6127yk6dx1qpr0cn.wpengine.netdna-cdn.com/wp-content/uploads/2015/04/JairWoo-212x212.jpg
Jake Roper,,Male,White,,http://26swqn3t6127yk6dx1qpr0cn.wpengine.netdna-cdn.com/wp-content/uploads/2015/04/JakeRoper-212x212.jpg
James Rath,,Male,White,,http://26swqn3t6127yk6dx1qpr0cn.wpengine.netdna-cdn.com/wp-content/uploads/2016/03/James-Rath-212x212.jpg
Jamin Warren,,Male,Black,,http://26swqn3t6127yk6dx1qpr0cn.wpengine.netdna-cdn.com/wp-content/uploads/2016/03/JaminWarren-212x212.jpg
Jasmeet Singh,JusReign,Male,Indian,,http://26swqn3t6127yk6dx1qpr0cn.wpengine.netdna-cdn.com/wp-content/uploads/2015/04/Jasmeet-Singh-212x210.jpg
Jazmyne Drakeford,,Female,Black,,http://26swqn3t6127yk6dx1qpr0cn.wpengine.netdna-cdn.com/wp-content/uploads/2016/03/JazmyneDrakeford-212x212.jpg
JD Dalton,,Male,White,Gay,http://26swqn3t6127yk6dx1qpr0cn.wpengine.netdna-cdn.com/wp-content/uploads/2016/03/JD-Dalton-212x212.jpg
J.D. Witherspoon,,Male,Black,,http://26swqn3t6127yk6dx1qpr0cn.wpengine.netdna-cdn.com/wp-content/uploads/2016/03/RunJDRun-212x212.jpg
Jeffrey Chang,,Male,Asian,,http://26swqn3t6127yk6dx1qpr0cn.wpengine.netdna-cdn.com/wp-content/uploads/2016/03/JeffreyChang-212x212.jpg
Jenn McAllister,,Female,White,,http://26swqn3t6127yk6dx1qpr0cn.wpengine.netdna-cdn.com/wp-content/uploads/2015/04/Jennxpenn-212x212.jpg
Jenna Marbles,,Female,White,,http://26swqn3t6127yk6dx1qpr0cn.wpengine.netdna-cdn.com/wp-content/uploads/2016/04/Jenna-Marbles-212x212.jpg
Jessamyn Stanley,,Female,Black,Lesbian,http://26swqn3t6127yk6dx1qpr0cn.wpengine.netdna-cdn.com/wp-content/uploads/2016/03/Jessamyn-Stanley-212x212.jpg
Jim Chapman,,Male,White,,http://26swqn3t6127yk6dx1qpr0cn.wpengine.netdna-cdn.com/wp-content/uploads/2016/04/Jim-Chapman-212x212.jpg
Jimmy Wong,,Male,Asian,,http://26swqn3t6127yk6dx1qpr0cn.wpengine.netdna-cdn.com/wp-content/uploads/2015/04/JimmyWong-212x212.jpg
Jimmy0010,,Male,White,Gay,http://26swqn3t6127yk6dx1qpr0cn.wpengine.netdna-cdn.com/wp-content/uploads/2016/03/Jimmy0010-212x212.jpg
Joe Bereta,,Male,White,,http://26swqn3t6127yk6dx1qpr0cn.wpengine.netdna-cdn.com/wp-content/uploads/2016/03/JoeBereta-212x212.jpg
Joe DeGeorge,,Male,White,Straight,http://26swqn3t6127yk6dx1qpr0cn.wpengine.netdna-cdn.com/wp-content/uploads/2016/04/JoeDegeorge-212x212.jpg
Joe Hanson,,Male,White,,http://26swqn3t6127yk6dx1qpr0cn.wpengine.netdna-cdn.com/wp-content/uploads/2016/03/Joe-Hanson-212x212.jpg
Joe Penna,,Male,Brazilian,,http://26swqn3t6127yk6dx1qpr0cn.wpengine.netdna-cdn.com/wp-content/uploads/2015/04/JoePenna-212x212.jpg
Joey Graceffa,,Male,White,Gay,http://26swqn3t6127yk6dx1qpr0cn.wpengine.netdna-cdn.com/wp-content/uploads/2016/04/JoeyGraceffa-212x212.jpg
John Green,,Male,White,Straight,http://26swqn3t6127yk6dx1qpr0cn.wpengine.netdna-cdn.com/wp-content/uploads/2015/04/SP010-John-Green-212x212.jpg
Jon Cozart,,Male,White,Straight,http://26swqn3t6127yk6dx1qpr0cn.wpengine.netdna-cdn.com/wp-content/uploads/2015/04/JonCozart-212x212.jpg
Jordan Maron,,Male,White,,http://26swqn3t6127yk6dx1qpr0cn.wpengine.netdna-cdn.com/wp-content/uploads/2015/04/Jordan-Maron-212x212.jpg
Josh Elkin,,Male,White,,http://26swqn3t6127yk6dx1qpr0cn.wpengine.netdna-cdn.com/wp-content/uploads/2016/03/Josh-Elkin-212x212.jpg
Josh Sundquist,,Male,White,,http://26swqn3t6127yk6dx1qpr0cn.wpengine.netdna-cdn.com/wp-content/uploads/2015/04/Josh-Sundquist-212x212.jpg
Jovenshire,,Male,White,,http://26swqn3t6127yk6dx1qpr0cn.wpengine.netdna-cdn.com/wp-content/uploads/2015/04/JoshuaOvenshire-212x212.jpg
Julia Nunes,,Female,White,,http://26swqn3t6127yk6dx1qpr0cn.wpengine.netdna-cdn.com/wp-content/uploads/2015/04/JuliaNunes-212x212.jpg
Justin Stuart,,Male,White,,http://26swqn3t6127yk6dx1qpr0cn.wpengine.netdna-cdn.com/wp-content/uploads/2016/03/Justin-Stuart-212x212.jpg
Kaitlyn Alexander,,Non binary,White,,http://26swqn3t6127yk6dx1qpr0cn.wpengine.netdna-cdn.com/wp-content/uploads/2016/04/Realisticallysaying-212x212.jpg
Kandee Johnson,,Female,White,Trans,http://26swqn3t6127yk6dx1qpr0cn.wpengine.netdna-cdn.com/wp-content/uploads/2015/04/KandeeJohnson-212x212.jpg
Karen Kavett,,Female,White,,http://26swqn3t6127yk6dx1qpr0cn.wpengine.netdna-cdn.com/wp-content/uploads/2015/04/KarenKavett-212x212.jpg
Kassie (CloudyApples),,Female,White,,http://26swqn3t6127yk6dx1qpr0cn.wpengine.netdna-cdn.com/wp-content/uploads/2016/03/CloudyApples-212x212.jpg
Kat Blaque,,Female,Black,Trans,http://26swqn3t6127yk6dx1qpr0cn.wpengine.netdna-cdn.com/wp-content/uploads/2016/03/KatBlaque-212x212.jpg
Kat Lazo,,Female,Latinx,,http://26swqn3t6127yk6dx1qpr0cn.wpengine.netdna-cdn.com/wp-content/uploads/2016/03/KatLazo-212x212.jpg
Kati Morton,,Female,White,,http://26swqn3t6127yk6dx1qpr0cn.wpengine.netdna-cdn.com/wp-content/uploads/2015/04/KatiMorton-212x212.jpg
Kayla Briët,,Female,Mixed,,http://26swqn3t6127yk6dx1qpr0cn.wpengine.netdna-cdn.com/wp-content/uploads/2016/03/KaylaBriet__-212x212.jpg
Kelly Kitagawa,,Female,Mixed,,http://26swqn3t6127yk6dx1qpr0cn.wpengine.netdna-cdn.com/wp-content/uploads/2016/03/Kelly-Kitagawa-212x212.jpg
Kevin Droniak,,Male,White,,http://26swqn3t6127yk6dx1qpr0cn.wpengine.netdna-cdn.com/wp-content/uploads/2016/04/Kevin-Droniak-212x212.jpg
Kevin Lieber,,Male,White,,http://26swqn3t6127yk6dx1qpr0cn.wpengine.netdna-cdn.com/wp-content/uploads/2015/04/KevinLieberVsauce2-212x212.jpg
Kingsley,Kingsley,Male,Black,,http://26swqn3t6127yk6dx1qpr0cn.wpengine.netdna-cdn.com/wp-content/uploads/2015/04/Kingsley-212x212.jpg
KittyPlaysGames,,Female,WWh,,http://26swqn3t6127yk6dx1qpr0cn.wpengine.netdna-cdn.com/wp-content/uploads/2016/04/KittyPlaysGames-212x212.jpg
Krazyrayray,,Female,White,,http://26swqn3t6127yk6dx1qpr0cn.wpengine.netdna-cdn.com/wp-content/uploads/2016/03/Krazyrayray-212x212.jpg
Kristen Sarah,,Female,White,,http://26swqn3t6127yk6dx1qpr0cn.wpengine.netdna-cdn.com/wp-content/uploads/2016/03/Kristen-Sarah-212x212.jpg
Kurt Hugo Schneider,,Male,White,,http://26swqn3t6127yk6dx1qpr0cn.wpengine.netdna-cdn.com/wp-content/uploads/2015/06/KurtHugoSchneider-212x212.jpg
Kym NonStop,,Female,White,,http://26swqn3t6127yk6dx1qpr0cn.wpengine.netdna-cdn.com/wp-content/uploads/2015/06/KymNonStop-212x212.jpg
Laci Green,,Female,White,Pan,http://26swqn3t6127yk6dx1qpr0cn.wpengine.netdna-cdn.com/wp-content/uploads/2015/04/LaciGreen-212x212.jpg
Laina,,Female,White,,http://26swqn3t6127yk6dx1qpr0cn.wpengine.netdna-cdn.com/wp-content/uploads/2015/04/Laina-212x212.jpg
Lasercorn,,Male,White,,http://26swqn3t6127yk6dx1qpr0cn.wpengine.netdna-cdn.com/wp-content/uploads/2015/04/Lasercorn-212x212.jpg
LATOYA FOREVER,latoyaforevertv,Female,Black,,http://26swqn3t6127yk6dx1qpr0cn.wpengine.netdna-cdn.com/wp-content/uploads/2016/04/LATOYA-FOREVER-212x212.jpg
LaurDIY,,Female,Asian,,http://26swqn3t6127yk6dx1qpr0cn.wpengine.netdna-cdn.com/wp-content/uploads/2015/04/LaurDIY-1-212x212.jpg
Lauren Elizabeth,,Female,White,,http://26swqn3t6127yk6dx1qpr0cn.wpengine.netdna-cdn.com/wp-content/uploads/2016/04/LaurenElizabeth-212x212.jpg
Lauren Fairweather,,Female,White,Bisexual,http://26swqn3t6127yk6dx1qpr0cn.wpengine.netdna-cdn.com/wp-content/uploads/2015/04/LaurenFairweather-212x212.jpg
LDShadowLady,,Female,White,,http://26swqn3t6127yk6dx1qpr0cn.wpengine.netdna-cdn.com/wp-content/uploads/2015/04/LDShadowLady-212x212.jpg
LeanMachines,,Male,White,,http://26swqn3t6127yk6dx1qpr0cn.wpengine.netdna-cdn.com/wp-content/uploads/2016/04/LeanMachines-212x212.jpg
Lee Newton,,Female,White,,http://26swqn3t6127yk6dx1qpr0cn.wpengine.netdna-cdn.com/wp-content/uploads/2015/04/LeeNewton-212x212.jpg
Leigh Lahav (OnlyLeigh),,Female,White,,http://26swqn3t6127yk6dx1qpr0cn.wpengine.netdna-cdn.com/wp-content/uploads/2015/04/Leigh-Lahav-212x212.jpg
Lele Pons,,Female,White,,http://26swqn3t6127yk6dx1qpr0cn.wpengine.netdna-cdn.com/wp-content/uploads/2016/03/LelePons-212x212.jpg
Leroy Sanchez,,Male,White,,http://26swqn3t6127yk6dx1qpr0cn.wpengine.netdna-cdn.com/wp-content/uploads/2016/03/Leroy-Sanchez-212x212.jpg
Leslie Datsis,,Female,White,,http://26swqn3t6127yk6dx1qpr0cn.wpengine.netdna-cdn.com/wp-content/uploads/2015/04/LeslieDatsis-212x212.jpg
Lex,Madeyewlook,Female,White,,http://26swqn3t6127yk6dx1qpr0cn.wpengine.netdna-cdn.com/wp-content/uploads/2015/04/MadeYewLook-212x212.jpg
Lexie Lombard,,Female,White,,http://26swqn3t6127yk6dx1qpr0cn.wpengine.netdna-cdn.com/wp-content/uploads/2016/04/LexieLombard-212x212.jpg
Lilly Singh,IISuperwomanII,Female,Indian,Straight,http://26swqn3t6127yk6dx1qpr0cn.wpengine.netdna-cdn.com/wp-content/uploads/2015/04/LillySingh-212x212.jpg
Linda Barsi,Linda Barsi,Female,White,,http://26swqn3t6127yk6dx1qpr0cn.wpengine.netdna-cdn.com/wp-content/uploads/2016/03/LindaBarsi-212x212.jpg
Lindsey Doe,DoeEyes,Female,White,,http://26swqn3t6127yk6dx1qpr0cn.wpengine.netdna-cdn.com/wp-content/uploads/2015/04/LindseyDoe-212x212.jpg
Lindsey Stirling,Lindsey Stirling,Female,White,,http://26swqn3t6127yk6dx1qpr0cn.wpengine.netdna-cdn.com/wp-content/uploads/2016/05/LindseySterling-212x212.jpg
Liza Koshy,Liza Koshy,Female,Indian,,http://26swqn3t6127yk6dx1qpr0cn.wpengine.netdna-cdn.com/wp-content/uploads/2016/03/Liza-Koshy-212x212.jpg
Lolo (Sitting Pretty),,Female,Black,,http://26swqn3t6127yk6dx1qpr0cn.wpengine.netdna-cdn.com/wp-content/uploads/2016/03/LoloPhoto-212x212.jpg
Louis Cole,,Male,White,,http://26swqn3t6127yk6dx1qpr0cn.wpengine.netdna-cdn.com/wp-content/uploads/2015/04/Fun-for-Louis-212x212.jpg
Luke Korns,,Male,White,Straight,http://26swqn3t6127yk6dx1qpr0cn.wpengine.netdna-cdn.com/wp-content/uploads/2016/05/LukeKorns-212x212.jpg
Machaizelli Kahey (MacDoesIt),,Male,Black,,http://26swqn3t6127yk6dx1qpr0cn.wpengine.netdna-cdn.com/wp-content/uploads/2016/03/MacDoesIt-1-212x212.jpg
Macy Kate,,Female,White,,http://26swqn3t6127yk6dx1qpr0cn.wpengine.netdna-cdn.com/wp-content/uploads/2016/04/Macy-Kate-212x212.jpg
Maddi Bragg,,Female,White,,http://26swqn3t6127yk6dx1qpr0cn.wpengine.netdna-cdn.com/wp-content/uploads/2016/03/Maddi-Bragg-212x212.jpg
Madilyn Bailey,,Female,White,,http://26swqn3t6127yk6dx1qpr0cn.wpengine.netdna-cdn.com/wp-content/uploads/2015/04/MadilynBailey-212x212.jpg
Mamrie Hart,,Female,White,,http://26swqn3t6127yk6dx1qpr0cn.wpengine.netdna-cdn.com/wp-content/uploads/2015/04/MamrieHart-212x212.jpg
MannyMua,,Male,White,,http://26swqn3t6127yk6dx1qpr0cn.wpengine.netdna-cdn.com/wp-content/uploads/2016/04/MannyMua-212x212.jpg
Marcus Butler,,Male,White,Gay,http://26swqn3t6127yk6dx1qpr0cn.wpengine.netdna-cdn.com/wp-content/uploads/2016/04/Marcus-Butler-212x212.jpg
Mari Takahashi,,Female,Asian,,http://26swqn3t6127yk6dx1qpr0cn.wpengine.netdna-cdn.com/wp-content/uploads/2015/04/MariTakahashi-212x212.jpg
Mariale Marrero,,Female,Venezuelan,,http://26swqn3t6127yk6dx1qpr0cn.wpengine.netdna-cdn.com/wp-content/uploads/2016/03/Mariale-Marrero-212x212.jpg
Marianna Hewitt,,Female,Mixed,,http://26swqn3t6127yk6dx1qpr0cn.wpengine.netdna-cdn.com/wp-content/uploads/2016/04/Marianna-Hewitt-212x212.jpg
Mark Douglas,,Male,White,,http://26swqn3t6127yk6dx1qpr0cn.wpengine.netdna-cdn.com/wp-content/uploads/2015/04/MarkDouglas-212x212.jpg
Mark Upson,,Male,White,,http://26swqn3t6127yk6dx1qpr0cn.wpengine.netdna-cdn.com/wp-content/uploads/2016/03/Mark-Upson-212x212.jpg
Markiplier,,Male,Mixed,,http://26swqn3t6127yk6dx1qpr0cn.wpengine.netdna-cdn.com/wp-content/uploads/2016/04/Markiplier-212x212.jpg
Mary Doodles,,Female,White,,http://26swqn3t6127yk6dx1qpr0cn.wpengine.netdna-cdn.com/wp-content/uploads/2015/05/MaryDoodles-212x212.jpg
Matthew Patrick,,Male,White,,http://26swqn3t6127yk6dx1qpr0cn.wpengine.netdna-cdn.com/wp-content/uploads/2015/05/MatPat-212x212.jpg
Matt Lieberman,,Male,White,,http://26swqn3t6127yk6dx1qpr0cn.wpengine.netdna-cdn.com/wp-content/uploads/2015/04/MattLieberman-1-212x212.jpg
Matthew Santoro,,Male,White,,http://26swqn3t6127yk6dx1qpr0cn.wpengine.netdna-cdn.com/wp-content/uploads/2015/04/Matthew-Santoro-212x212.jpg
Matthias,,Male,White,,http://26swqn3t6127yk6dx1qpr0cn.wpengine.netdna-cdn.com/wp-content/uploads/2016/05/Matthias-212x212.jpg
Maude Garrett,,Female,White,,http://26swqn3t6127yk6dx1qpr0cn.wpengine.netdna-cdn.com/wp-content/uploads/2015/06/MaudeGarrett-212x212.jpg
Maxwell Dunn,,Male,White,,http://26swqn3t6127yk6dx1qpr0cn.wpengine.netdna-cdn.com/wp-content/uploads/2016/03/MaxwellDunn-212x212.jpg
Meg DeAngelis,,Female,White,,http://26swqn3t6127yk6dx1qpr0cn.wpengine.netdna-cdn.com/wp-content/uploads/2016/04/Meg-DeAngelis-212x212.jpg
Strawburry17,Meghan Camarena,Female,White,,http://26swqn3t6127yk6dx1qpr0cn.wpengine.netdna-cdn.com/wp-content/uploads/2015/04/Meghan-Camarena-212x212.jpg
Meghan McCarthy,,Female,White,,http://26swqn3t6127yk6dx1qpr0cn.wpengine.netdna-cdn.com/wp-content/uploads/2016/03/Meghan-McCarthy-212x212.jpg
Meghan Rienks,,Female,White,,http://26swqn3t6127yk6dx1qpr0cn.wpengine.netdna-cdn.com/wp-content/uploads/2015/05/MeganRienks-212x212.jpg
Meghan Tonjes,,Female,White,,http://26swqn3t6127yk6dx1qpr0cn.wpengine.netdna-cdn.com/wp-content/uploads/2015/04/MeghanTonjes-212x212.jpg
Meredith Foster,,Female,White,,http://26swqn3t6127yk6dx1qpr0cn.wpengine.netdna-cdn.com/wp-content/uploads/2015/04/Meredith-Foster-212x212.jpg
Mia Stammer,,Female,Mixed,,http://26swqn3t6127yk6dx1qpr0cn.wpengine.netdna-cdn.com/wp-content/uploads/2016/03/Mia-Stammer-212x212.jpg
Michael Aranda,,Male,Mixed,,http://26swqn3t6127yk6dx1qpr0cn.wpengine.netdna-cdn.com/wp-content/uploads/2015/03/MichaelAranda-212x212.jpg
Michael Buckley,,Male,White,Gay,http://26swqn3t6127yk6dx1qpr0cn.wpengine.netdna-cdn.com/wp-content/uploads/2015/04/MichaelBuckley-212x212.jpg
Michael Shanks,,Male,White,,http://26swqn3t6127yk6dx1qpr0cn.wpengine.netdna-cdn.com/wp-content/uploads/2016/04/Michael-Shanks-212x212.jpg
Michael Stevens,,Male,White,,http://26swqn3t6127yk6dx1qpr0cn.wpengine.netdna-cdn.com/wp-content/uploads/2016/04/Michael-Stevens-212x212.jpg
Michael Wilson,,Male,White,,http://26swqn3t6127yk6dx1qpr0cn.wpengine.netdna-cdn.com/wp-content/uploads/2016/03/ComaNiddy-212x212.jpg
Mike Falzone,,Male,White,,http://26swqn3t6127yk6dx1qpr0cn.wpengine.netdna-cdn.com/wp-content/uploads/2015/04/MikeFalzone-212x212.jpg
Mike Rugnetta,,Male,White,,http://26swqn3t6127yk6dx1qpr0cn.wpengine.netdna-cdn.com/wp-content/uploads/2015/04/MikeRugnetta-212x212.jpg
Mike Tompkins,,Male,White,,http://26swqn3t6127yk6dx1qpr0cn.wpengine.netdna-cdn.com/wp-content/uploads/2016/03/Mike-Tompkins-212x212.jpg
Mikey Murphy,,Male,White,,http://26swqn3t6127yk6dx1qpr0cn.wpengine.netdna-cdn.com/wp-content/uploads/2016/05/MikeyMurphy-212x212.jpg
Miles Jai,,Male,Black,Gay,http://26swqn3t6127yk6dx1qpr0cn.wpengine.netdna-cdn.com/wp-content/uploads/2015/04/Miles-Jai-201x212.jpg
Milo Stewart,,non-binary,White,Queer,http://26swqn3t6127yk6dx1qpr0cn.wpengine.netdna-cdn.com/wp-content/uploads/2016/03/Milo-Stewart-212x212.jpg
Mindy McKnight (Cute Girls Hairstyles),,Female,White,,http://26swqn3t6127yk6dx1qpr0cn.wpengine.netdna-cdn.com/wp-content/uploads/2015/04/mindy-mcknight-212x212.jpg
Miranda Sings,,Female,White,,http://26swqn3t6127yk6dx1qpr0cn.wpengine.netdna-cdn.com/wp-content/uploads/2015/04/MirandaSings-212x212.jpg
MissRemiAshten,,Female,White,,http://26swqn3t6127yk6dx1qpr0cn.wpengine.netdna-cdn.com/wp-content/uploads/2016/03/MissRemiAshten-212x212.jpg
Mitchell Davis,,Male,White,,http://26swqn3t6127yk6dx1qpr0cn.wpengine.netdna-cdn.com/wp-content/uploads/2015/04/MitchellDavis-212x212.jpg
Mitchell Moffit,,Male,White,,http://26swqn3t6127yk6dx1qpr0cn.wpengine.netdna-cdn.com/wp-content/uploads/2015/04/Mitchellmoffitt-212x212.jpg
Molly Burke,,Male,White,,http://26swqn3t6127yk6dx1qpr0cn.wpengine.netdna-cdn.com/wp-content/uploads/2016/03/MollyBurke-212x212.jpg
Mr Weebl,,Female,White,,http://26swqn3t6127yk6dx1qpr0cn.wpengine.netdna-cdn.com/wp-content/uploads/2016/03/Weebl-212x212.jpg
MyLifeAsEva,,Female,Mixed,,http://26swqn3t6127yk6dx1qpr0cn.wpengine.netdna-cdn.com/wp-content/uploads/2016/03/MyLifeAsEva-1-212x212.jpg
MyNamesChai,,Male,White,,http://26swqn3t6127yk6dx1qpr0cn.wpengine.netdna-cdn.com/wp-content/uploads/2016/04/MyNamesChai-212x212.jpg
Nabela Noor,,Female,Bangladeshi,,http://26swqn3t6127yk6dx1qpr0cn.wpengine.netdna-cdn.com/wp-content/uploads/2016/03/Nabela-noor-212x212.jpg
Nadine Sykora,,Female,White,,http://26swqn3t6127yk6dx1qpr0cn.wpengine.netdna-cdn.com/wp-content/uploads/2015/04/NadineSykora-212x212.jpg
Natalie Tran,,Female,Asian,,http://26swqn3t6127yk6dx1qpr0cn.wpengine.netdna-cdn.com/wp-content/uploads/2016/02/NatalieTran-212x212.jpg
Nathan Sharp,,Male,White,,http://26swqn3t6127yk6dx1qpr0cn.wpengine.netdna-cdn.com/wp-content/uploads/2016/03/nathansharp2016headshot-212x212.jpg
Nathan Zed,,Male,Black,,http://26swqn3t6127yk6dx1qpr0cn.wpengine.netdna-cdn.com/wp-content/uploads/2015/04/NathanZed-212x212.jpg
Nick Jenkins,,Male,White,,http://26swqn3t6127yk6dx1qpr0cn.wpengine.netdna-cdn.com/wp-content/uploads/2016/04/NickJenkins-212x212.jpg
Nicola Foti,,Male,White,Gay,http://26swqn3t6127yk6dx1qpr0cn.wpengine.netdna-cdn.com/wp-content/uploads/2016/03/Nicola-Foti-212x212.jpg
Nicole Guerriero,,Female,Hispanic,,http://26swqn3t6127yk6dx1qpr0cn.wpengine.netdna-cdn.com/wp-content/uploads/2016/03/Nicole-Guerriero--212x212.jpg
Nicole Sweeney,,Female,White,,http://26swqn3t6127yk6dx1qpr0cn.wpengine.netdna-cdn.com/wp-content/uploads/2016/04/12063306_10103231701456224_1192021578973041026_n-212x212.jpg
Niki and Gabi,,Female,Latinx,,http://26swqn3t6127yk6dx1qpr0cn.wpengine.netdna-cdn.com/wp-content/uploads/2016/04/Niki-And-Gabi-212x212.jpg
Nikki Phillippi,,Female,White,,http://26swqn3t6127yk6dx1qpr0cn.wpengine.netdna-cdn.com/wp-content/uploads/2015/04/nikkiphillippi-212x212.jpg
Niko Pueringer,,Male,White,,http://26swqn3t6127yk6dx1qpr0cn.wpengine.netdna-cdn.com/wp-content/uploads/2015/04/NikoPueringer-212x212.jpg
Niomi Smart,,Female,White,,http://26swqn3t6127yk6dx1qpr0cn.wpengine.netdna-cdn.com/wp-content/uploads/2016/04/Niomi-Smart-212x212.jpg
Noah Guthrie,,Male,White,,http://26swqn3t6127yk6dx1qpr0cn.wpengine.netdna-cdn.com/wp-content/uploads/2015/04/NoahGuthrie1-212x212.jpg
Olan Rogers,,Male,White,,http://26swqn3t6127yk6dx1qpr0cn.wpengine.netdna-cdn.com/wp-content/uploads/2016/02/OlanRogers-212x212.jpg
Olga Kay,,Female,White,,http://26swqn3t6127yk6dx1qpr0cn.wpengine.netdna-cdn.com/wp-content/uploads/2015/04/OlgaKay-212x212.jpg
Oli White,,Male,White,,http://26swqn3t6127yk6dx1qpr0cn.wpengine.netdna-cdn.com/wp-content/uploads/2015/04/OliWhite-212x212.jpg
OMGitsfirefoxx,,Female,White,,http://26swqn3t6127yk6dx1qpr0cn.wpengine.netdna-cdn.com/wp-content/uploads/2016/03/OMGitsfirefoxx-212x212.jpg
PATRICKSTARRR,,Male,Black,Trans,http://26swqn3t6127yk6dx1qpr0cn.wpengine.netdna-cdn.com/wp-content/uploads/2016/04/PATRICKSTARRR-212x212.jpg
Paul DeGeorge,,Male,White,Straight,http://26swqn3t6127yk6dx1qpr0cn.wpengine.netdna-cdn.com/wp-content/uploads/2016/04/Paul-Degeorge-212x212.jpg
Peter Hollens,,Male,White,,http://26swqn3t6127yk6dx1qpr0cn.wpengine.netdna-cdn.com/wp-content/uploads/2015/04/PeterHollens-212x212.jpg
Phil Lester,,Male,White,,http://26swqn3t6127yk6dx1qpr0cn.wpengine.netdna-cdn.com/wp-content/uploads/2015/04/PhilLester-212x212.jpg
Philip DeFranco,,Male,White,,http://26swqn3t6127yk6dx1qpr0cn.wpengine.netdna-cdn.com/wp-content/uploads/2015/04/PhilipDefranco-1-212x212.jpg
Philip Wang,,Male,Asian,,http://26swqn3t6127yk6dx1qpr0cn.wpengine.netdna-cdn.com/wp-content/uploads/2016/04/Philip-Wang-212x212.jpg
PJ Liguori,,Male,White,,http://26swqn3t6127yk6dx1qpr0cn.wpengine.netdna-cdn.com/wp-content/uploads/2015/04/KickthePJ-212x212.jpg
PrankvsPrank,,N/A,White,,http://26swqn3t6127yk6dx1qpr0cn.wpengine.netdna-cdn.com/wp-content/uploads/2015/04/PrankvsPrank-212x212.jpg
Presley (ActOutGames),,Male,White,,http://26swqn3t6127yk6dx1qpr0cn.wpengine.netdna-cdn.com/wp-content/uploads/2015/03/ActOutGames-212x212.jpg
Preston,,Male,White,,http://26swqn3t6127yk6dx1qpr0cn.wpengine.netdna-cdn.com/wp-content/uploads/2016/05/PrestonPlayz-212x212.jpg
Rachel Levin,,Female,White,,http://26swqn3t6127yk6dx1qpr0cn.wpengine.netdna-cdn.com/wp-content/uploads/2016/04/Rachel-RCLBeauty101-212x212.jpg
Racka Racka,,Male,White,,http://26swqn3t6127yk6dx1qpr0cn.wpengine.netdna-cdn.com/wp-content/uploads/2016/04/Racka-Racka-212x212.jpg
Raeleen Lemay,,Female,White,,http://26swqn3t6127yk6dx1qpr0cn.wpengine.netdna-cdn.com/wp-content/uploads/2016/03/RaleenLemay-212x212.jpg
Reina Scully,,Female,White,,http://26swqn3t6127yk6dx1qpr0cn.wpengine.netdna-cdn.com/wp-content/uploads/2015/04/ReinaScully-1-212x212.jpg
Ricky Dillon,,Male,White,,http://26swqn3t6127yk6dx1qpr0cn.wpengine.netdna-cdn.com/wp-content/uploads/2015/04/RickyDillon-212x212.jpg
Rikki Poynter,,Female,White,,http://26swqn3t6127yk6dx1qpr0cn.wpengine.netdna-cdn.com/wp-content/uploads/2015/04/Rikki-Poynter-212x210.jpg
RJ Aguiar,,Male,White,Bisexual,http://26swqn3t6127yk6dx1qpr0cn.wpengine.netdna-cdn.com/wp-content/uploads/2015/03/RJ-Aguiar-1-212x212.jpg
Rob Czar,,Male,White,,http://26swqn3t6127yk6dx1qpr0cn.wpengine.netdna-cdn.com/wp-content/uploads/2016/03/Rob-Czar-Profile-Pic-212x212.jpg
Rob Scallon,,Male,White,,http://26swqn3t6127yk6dx1qpr0cn.wpengine.netdna-cdn.com/wp-content/uploads/2016/03/Rob-Scallon-212x212.jpg
Rosanna Pansino,,Female,White,,http://26swqn3t6127yk6dx1qpr0cn.wpengine.netdna-cdn.com/wp-content/uploads/2015/04/Rosanna-Pansino-212x212.jpg
Rose & Rosie,,Female,White,Lesbian,http://26swqn3t6127yk6dx1qpr0cn.wpengine.netdna-cdn.com/wp-content/uploads/2016/03/RoseandRosie-212x212.jpg
Rosianna Halse Rojas,,Female,White,,http://26swqn3t6127yk6dx1qpr0cn.wpengine.netdna-cdn.com/wp-content/uploads/2015/04/Rosianna-Halse-Rojas-212x212.jpg
Rowan Ellis,,Female,White,,http://26swqn3t6127yk6dx1qpr0cn.wpengine.netdna-cdn.com/wp-content/uploads/2016/03/Rowan-Ellis-212x212.jpg
Ruba Wilson,,Male,Black,,http://26swqn3t6127yk6dx1qpr0cn.wpengine.netdna-cdn.com/wp-content/uploads/2016/04/RubaWilson-212x212.jpg
Rusty Clanton,,Male,White,,http://26swqn3t6127yk6dx1qpr0cn.wpengine.netdna-cdn.com/wp-content/uploads/2015/04/RustyClanton-212x212.jpg
Sabrina Cruz,,Female,Mixed,,http://26swqn3t6127yk6dx1qpr0cn.wpengine.netdna-cdn.com/wp-content/uploads/2015/04/SabrinaCruz-212x212.jpg
SacconeJolys,,N/A,White,,http://26swqn3t6127yk6dx1qpr0cn.wpengine.netdna-cdn.com/wp-content/uploads/2016/04/SacconeJolys-212x212.jpg
Sam Bashor,,Male,White,,http://26swqn3t6127yk6dx1qpr0cn.wpengine.netdna-cdn.com/wp-content/uploads/2015/06/SamBashor-1-212x212.jpg
Sam Gorski,,Male,White,,http://26swqn3t6127yk6dx1qpr0cn.wpengine.netdna-cdn.com/wp-content/uploads/2015/04/SamGorski-212x212.jpg
Sam Pottorff,,Male,White,,http://26swqn3t6127yk6dx1qpr0cn.wpengine.netdna-cdn.com/wp-content/uploads/2015/04/SamPottorff-212x212.jpg
Sam Tsui,,Male,Asian,Gay,http://26swqn3t6127yk6dx1qpr0cn.wpengine.netdna-cdn.com/wp-content/uploads/2015/04/SamTsui-212x212.jpg
Sandi Crystal Ball,,Female,White,,http://26swqn3t6127yk6dx1qpr0cn.wpengine.netdna-cdn.com/wp-content/uploads/2016/03/CutePolish-212x212.jpg
Sarah Close,,Female,White,,http://26swqn3t6127yk6dx1qpr0cn.wpengine.netdna-cdn.com/wp-content/uploads/2016/05/SarahClose-212x212.jpg
Sarah Urist Green,,Female,White,Straight,http://26swqn3t6127yk6dx1qpr0cn.wpengine.netdna-cdn.com/wp-content/uploads/2015/04/SarahUristGreen-212x212.jpg
Sasha Alsberg,,Female,White,,http://26swqn3t6127yk6dx1qpr0cn.wpengine.netdna-cdn.com/wp-content/uploads/2016/03/Sasha-Abookutopia-212x212.jpg
Savannah Brown,,Female,White,,http://26swqn3t6127yk6dx1qpr0cn.wpengine.netdna-cdn.com/wp-content/uploads/2015/04/Savannah-Brown-212x212.jpg
Sawyer Hartman,,Female,White,,http://26swqn3t6127yk6dx1qpr0cn.wpengine.netdna-cdn.com/wp-content/uploads/2015/06/Sawyer-Hartman-212x212.jpg
Scott (Depression to Expression),,Male,White,,http://26swqn3t6127yk6dx1qpr0cn.wpengine.netdna-cdn.com/wp-content/uploads/2016/03/Scott-Depression-to-Expression-212x212.jpg
Scott Winn,,Male,White,,http://26swqn3t6127yk6dx1qpr0cn.wpengine.netdna-cdn.com/wp-content/uploads/2016/03/Scott-DW-212x212.jpg
Sean Klitzner,,Male,White,,http://26swqn3t6127yk6dx1qpr0cn.wpengine.netdna-cdn.com/wp-content/uploads/2015/04/SeanKlitzner-212x212.jpg
Maya Washington,shamelessmaya,Female,Black,,http://26swqn3t6127yk6dx1qpr0cn.wpengine.netdna-cdn.com/wp-content/uploads/2016/03/Shameless-Maya-212x212.jpg
Shan Boody,,Female,Black,,http://26swqn3t6127yk6dx1qpr0cn.wpengine.netdna-cdn.com/wp-content/uploads/2016/03/ShanBoody-212x212.jpg
Shawna Howson,,Female,White,,http://26swqn3t6127yk6dx1qpr0cn.wpengine.netdna-cdn.com/wp-content/uploads/2015/04/ShawnaHowson-212x212.jpg
Shaytards,,N/A,White,,http://26swqn3t6127yk6dx1qpr0cn.wpengine.netdna-cdn.com/wp-content/uploads/2016/04/Shaytards-212x212.jpg
Shini Somara,,Female,White,,http://26swqn3t6127yk6dx1qpr0cn.wpengine.netdna-cdn.com/wp-content/uploads/2016/04/ShiniSomara-212x212.jpg
Shonduras,,Male,White,,http://26swqn3t6127yk6dx1qpr0cn.wpengine.netdna-cdn.com/wp-content/uploads/2016/03/Shonduras-212x212.jpg
Sierra Furtado,,Female,White,,http://26swqn3t6127yk6dx1qpr0cn.wpengine.netdna-cdn.com/wp-content/uploads/2016/03/SierraFurtado-212x212.jpg
SketchShe,,Female,White,,http://26swqn3t6127yk6dx1qpr0cn.wpengine.netdna-cdn.com/wp-content/uploads/2016/04/SketchShe-212x212.jpg
Skylar Kergil,,Male,White,,http://26swqn3t6127yk6dx1qpr0cn.wpengine.netdna-cdn.com/wp-content/uploads/2015/04/Skylar-212x212.jpg
SmallishBeans,,Male,White,,http://26swqn3t6127yk6dx1qpr0cn.wpengine.netdna-cdn.com/wp-content/uploads/2016/03/SmallishBeans-212x212.jpg
Smarter Every Day,,Male,White,,http://26swqn3t6127yk6dx1qpr0cn.wpengine.netdna-cdn.com/wp-content/uploads/2015/04/SmarterEveryDay-212x212.jpg
Sohinki,,Male,White,,http://26swqn3t6127yk6dx1qpr0cn.wpengine.netdna-cdn.com/wp-content/uploads/2015/04/Sohinki-212x212.jpg
Sonya Esman,,Female,White,,http://26swqn3t6127yk6dx1qpr0cn.wpengine.netdna-cdn.com/wp-content/uploads/2016/04/Sonya-Esman-212x212.jpg
SORTEDfood,,Male,White,,http://26swqn3t6127yk6dx1qpr0cn.wpengine.netdna-cdn.com/wp-content/uploads/2016/04/SortedFood-212x212.jpg
SprinkleofGlitter,,Female,White,,http://26swqn3t6127yk6dx1qpr0cn.wpengine.netdna-cdn.com/wp-content/uploads/2016/04/SprinkleofGlitter-212x212.jpg
Stacy Hinojosa,,Female,White,,http://26swqn3t6127yk6dx1qpr0cn.wpengine.netdna-cdn.com/wp-content/uploads/2015/05/StacyPlays-212x212.jpg
Stephanie Frosch,,Female,White,,http://26swqn3t6127yk6dx1qpr0cn.wpengine.netdna-cdn.com/wp-content/uploads/2016/03/ElloSteph-212x212.jpg
Steve Booker,,Male,White,,http://26swqn3t6127yk6dx1qpr0cn.wpengine.netdna-cdn.com/wp-content/uploads/2015/06/Steve-Booker-212x212.jpg
Steve Gossett,,Male,White,,http://26swqn3t6127yk6dx1qpr0cn.wpengine.netdna-cdn.com/wp-content/uploads/2016/03/SteveGossettSQ-212x212.jpg
Steve Zaragoza,,Male,White,,http://26swqn3t6127yk6dx1qpr0cn.wpengine.netdna-cdn.com/wp-content/uploads/2015/04/SteveZaragoza-1-212x212.jpg
Steven Suptic,,Male,White,,http://26swqn3t6127yk6dx1qpr0cn.wpengine.netdna-cdn.com/wp-content/uploads/2015/06/StevenSuptic-1-212x212.jpg
Suli Breaks,,Male,Black,,http://26swqn3t6127yk6dx1qpr0cn.wpengine.netdna-cdn.com/wp-content/uploads/2016/05/sulibreaks-212x212.jpg
sWooZie,,Male,Black,,http://26swqn3t6127yk6dx1qpr0cn.wpengine.netdna-cdn.com/wp-content/uploads/2015/04/Swoozie-212x212.jpg
Tanner Patrick,,Male,White,,http://26swqn3t6127yk6dx1qpr0cn.wpengine.netdna-cdn.com/wp-content/uploads/2016/05/TannerPatrick-212x212.jpg
Tati,,Female,White,,http://26swqn3t6127yk6dx1qpr0cn.wpengine.netdna-cdn.com/wp-content/uploads/2016/03/Tati-GlamLifeGuru-212x212.jpg
Taylor Behnke Peters,,Female,Mixed,,http://26swqn3t6127yk6dx1qpr0cn.wpengine.netdna-cdn.com/wp-content/uploads/2016/03/taylor-behnke-peters-212x212.jpg
Taylor Davis,,Female,White,,http://26swqn3t6127yk6dx1qpr0cn.wpengine.netdna-cdn.com/wp-content/uploads/2015/04/TaylorDavis-212x212.jpg
Taylor Nikolai,,Male,White,,http://26swqn3t6127yk6dx1qpr0cn.wpengine.netdna-cdn.com/wp-content/uploads/2016/03/SP012-Taylor-Nikolai-212x212.jpg
Teala Dunn,,Female,Black,,http://26swqn3t6127yk6dx1qpr0cn.wpengine.netdna-cdn.com/wp-content/uploads/2016/03/TealaDunn-212x212.jpg
Ten Second Songs,,Male,White,,http://26swqn3t6127yk6dx1qpr0cn.wpengine.netdna-cdn.com/wp-content/uploads/2016/03/Ten-Second-Songs-212x212.jpg
Tessa Netting,,Female,White,,http://26swqn3t6127yk6dx1qpr0cn.wpengine.netdna-cdn.com/wp-content/uploads/2016/04/Tessa-Netting-212x212.jpg
Tessa Violet,,Female,White,,http://26swqn3t6127yk6dx1qpr0cn.wpengine.netdna-cdn.com/wp-content/uploads/2015/04/TessaViolet-1-212x212.jpg
the1janitor,,Male,Black,,http://26swqn3t6127yk6dx1qpr0cn.wpengine.netdna-cdn.com/wp-content/uploads/2016/03/the1janitor-212x212.jpg
Thomas Sanders,,Male,White,,http://26swqn3t6127yk6dx1qpr0cn.wpengine.netdna-cdn.com/wp-content/uploads/2016/04/Thomas-Sanders-212x212.jpg
Tim Gettys,,Male,White,,http://26swqn3t6127yk6dx1qpr0cn.wpengine.netdna-cdn.com/wp-content/uploads/2016/04/tim-pic-212x212.jpg
Tim Kellner,,Male,White,,http://26swqn3t6127yk6dx1qpr0cn.wpengine.netdna-cdn.com/wp-content/uploads/2016/03/Tim-Kellner-212x212.jpg
Timothy DeLaGhetto,,Male,Asian,,http://26swqn3t6127yk6dx1qpr0cn.wpengine.netdna-cdn.com/wp-content/uploads/2015/04/TimDeLaGhetto-212x212.jpg
Toby Randall,,Male,White,,http://26swqn3t6127yk6dx1qpr0cn.wpengine.netdna-cdn.com/wp-content/uploads/2016/04/TobyRandall-212x212.jpg
Tommy Edison,,Male,White,,http://26swqn3t6127yk6dx1qpr0cn.wpengine.netdna-cdn.com/wp-content/uploads/2016/03/Tommy-Edison-212x212.jpg
TomSka,,Male,White,Straight,http://26swqn3t6127yk6dx1qpr0cn.wpengine.netdna-cdn.com/wp-content/uploads/2016/04/TomSka-212x212.jpg
Tracy & Stefanie (Eleventh Gorgeous),,Female,White,,http://26swqn3t6127yk6dx1qpr0cn.wpengine.netdna-cdn.com/wp-content/uploads/2015/04/EleventhGorgeous-1-212x212.jpg
Tré Melvin,,Male,Black,,http://26swqn3t6127yk6dx1qpr0cn.wpengine.netdna-cdn.com/wp-content/uploads/2016/03/Tre-Melvin-212x212.jpg
Trevor Moran,,Male,White,,http://26swqn3t6127yk6dx1qpr0cn.wpengine.netdna-cdn.com/wp-content/uploads/2015/04/TrevorMoran-212x212.jpg
Twaimz,,Male,White,,http://26swqn3t6127yk6dx1qpr0cn.wpengine.netdna-cdn.com/wp-content/uploads/2016/03/Twaimz-212x212.jpg
Tyler Oakley,,Male,White,Gay,http://26swqn3t6127yk6dx1qpr0cn.wpengine.netdna-cdn.com/wp-content/uploads/2015/04/TylerOakley-212x212.jpg
Tyler Ward,,Male,White,,http://26swqn3t6127yk6dx1qpr0cn.wpengine.netdna-cdn.com/wp-content/uploads/2015/04/TylerWard-212x212.jpg
Vagabrothers,,Male,White,,http://26swqn3t6127yk6dx1qpr0cn.wpengine.netdna-cdn.com/wp-content/uploads/2016/03/vagabrothers-212x212.jpg
Vanessa Hill,,Female,White,,http://26swqn3t6127yk6dx1qpr0cn.wpengine.netdna-cdn.com/wp-content/uploads/2016/03/VanessaHill-212x212.jpg
Vernon Shaw,,Male,White,,http://26swqn3t6127yk6dx1qpr0cn.wpengine.netdna-cdn.com/wp-content/uploads/2016/05/Ch4vh8IUoAAVtSL-212x212.jpg
Vi Hart,vihart,gender agnostic,White,,http://26swqn3t6127yk6dx1qpr0cn.wpengine.netdna-cdn.com/wp-content/uploads/2015/04/ViHart-212x212.jpg
Vincent Cyr,,Male,White,,http://26swqn3t6127yk6dx1qpr0cn.wpengine.netdna-cdn.com/wp-content/uploads/2016/03/Vincent-Cyr-212x212.jpg
Wes Johnson,,Male,White,,http://26swqn3t6127yk6dx1qpr0cn.wpengine.netdna-cdn.com/wp-content/uploads/2015/04/Wes-the-Editor-212x212.jpg
Wesley Chan,,Male,White,,http://26swqn3t6127yk6dx1qpr0cn.wpengine.netdna-cdn.com/wp-content/uploads/2016/04/Wesley-Chan-212x212.jpg
Whitney Avalon,,Female,White,,http://26swqn3t6127yk6dx1qpr0cn.wpengine.netdna-cdn.com/wp-content/uploads/2016/03/WhitneyAvalonSQ-212x212.jpg
Will Darbyshire,,Male,White,,http://26swqn3t6127yk6dx1qpr0cn.wpengine.netdna-cdn.com/wp-content/uploads/2015/04/WillDarbyshire-212x212.jpg
Will Shepherd,,Male,White,,http://26swqn3t6127yk6dx1qpr0cn.wpengine.netdna-cdn.com/wp-content/uploads/2015/04/WillShepherd-1-212x212.jpg
William Haynes,,Male,Black,,http://26swqn3t6127yk6dx1qpr0cn.wpengine.netdna-cdn.com/wp-content/uploads/2015/04/WilliamHaynes-212x212.jpg
XPertThief,Kevin LaSean,Male,Black,,http://26swqn3t6127yk6dx1qpr0cn.wpengine.netdna-cdn.com/wp-content/uploads/2016/05/XPertThief-212x212.jpg
Yulin Kuang,Yulin Kuang,Male,Asian,,http://26swqn3t6127yk6dx1qpr0cn.wpengine.netdna-cdn.com/wp-content/uploads/2015/06/Yulin-Kuang-212x212.jpg
Zach King,TheThirdPew,Male,Black,,http://26swqn3t6127yk6dx1qpr0cn.wpengine.netdna-cdn.com/wp-content/uploads/2015/04/Zach-King-212x212.jpg
